{
  "results": [
    {
      "command": "200v, 19900e",
      "mean": 0.0031229851699999998,
      "stddev": 0.00005906520534342121,
      "median": 0.00309687872,
      "user": 0.0031361739999999994,
      "system": 0.000329452,
      "min": 0.00306821622,
      "max": 0.00328289822,
      "times": [
        0.00309695822,
        0.00309433822,
        0.0031376482200000002,
        0.00328289822,
        0.0032434092199999996,
        0.0032213032199999996,
        0.00312188222,
        0.00314299922,
        0.00311944622,
        0.0030871722199999996,
        0.00308728322,
        0.00309342022,
        0.00306821622,
        0.00307476322,
        0.00310841222,
        0.0030932892200000004,
        0.00312980322,
        0.0030872482200000003,
        0.00307241322,
        0.0030967992200000003
      ],
      "exit_codes": [
        0,
        0,
        0,
        0,
        0,
        0,
        0,
        0,
        0,
        0,
        0,
        0,
        0,
        0,
        0,
        0,
        0,
        0,
        0,
        0
      ],
      "parameters": {
        "TEST": "tests/d200.txt"
      }
    },
    {
      "command": "400v, 79800e",
      "mean": 0.010794130669999999,
      "stddev": 0.00010377416124170053,
      "median": 0.01081151822,
      "user": 0.01067572,
      "system": 0.00041375200000000003,
      "min": 0.01064703922,
      "max": 0.01103461822,
      "times": [
        0.01076813422,
        0.01083705522,
        0.01088182822,
        0.01091933322,
        0.01075186022,
        0.01067397822,
        0.01065994122,
        0.01064703922,
        0.01073050622,
        0.01091024222,
        0.01081563122,
        0.01082131622,
        0.01082831322,
        0.01080740522,
        0.01088271222,
        0.01103461822,
        0.01084120722,
        0.01072676522,
        0.01065371322,
        0.01069101322
      ],
      "exit_codes": [
        0,
        0,
        0,
        0,
        0,
        0,
        0,
        0,
        0,
        0,
        0,
        0,
        0,
        0,
        0,
        0,
        0,
        0,
        0,
        0
      ],
      "parameters": {
        "TEST": "tests/d400.txt"
      }
    },
    {
      "command": "600v, 179700e",
      "mean": 0.025550836420000007,
      "stddev": 0.00022393736085897785,
      "median": 0.025540453720000002,
      "user": 0.025648419999999995,
      "system": 0.000194268,
      "min": 0.025231595220000003,
      "max": 0.026212780220000002,
      "times": [
        0.025583349220000003,
        0.025422989220000004,
        0.025231595220000003,
        0.025392143220000003,
        0.025503758220000002,
        0.025314231220000004,
        0.025549388220000004,
        0.02572067822,
        0.025541526220000003,
        0.025681644220000004,
        0.025576103220000004,
        0.025289278220000003,
        0.025403485220000004,
        0.025906810220000003,
        0.025624290220000002,
        0.026212780220000002,
        0.025642909220000003,
        0.025369737220000004,
        0.025539381220000004,
        0.025510650220000004
      ],
      "exit_codes": [
        0,
        0,
        0,
        0,
        0,
        0,
        0,
        0,
        0,
        0,
        0,
        0,
        0,
        0,
        0,
        0,
        0,
        0,
        0,
        0
      ],
      "parameters": {
        "TEST": "tests/d600.txt"
      }
    },
    {
      "command": "800v, 319600e",
      "mean": 0.046391336170000005,
      "stddev": 0.000459996998202388,
      "median": 0.04625577572,
      "user": 0.04576026999999999,
      "system": 0.0008605719999999999,
      "min": 0.04597594522,
      "max": 0.04796199122,
      "times": [
        0.04626503822,
        0.04604423422,
        0.046191323220000004,
        0.04642934622,
        0.04620487222,
        0.04607889222,
        0.04597594522,
        0.04610684622,
        0.04634262022,
        0.04653481522,
        0.04625177722,
        0.04604976122,
        0.04623784122,
        0.04796199122,
        0.04644057522,
        0.04640925422,
        0.04625977422,
        0.04721083322,
        0.04665441422,
        0.04617656822
      ],
      "exit_codes": [
        0,
        0,
        0,
        0,
        0,
        0,
        0,
        0,
        0,
        0,
        0,
        0,
        0,
        0,
        0,
        0,
        0,
        0,
        0,
        0
      ],
      "parameters": {
        "TEST": "tests/d800.txt"
      }
    },
    {
      "command": "1000v, 499500e",
      "mean": 0.07308563352000001,
      "stddev": 0.0004644783646155179,
      "median": 0.07291835222000001,
      "user": 0.06981942,
      "system": 0.003457458,
      "min": 0.07263814422,
      "max": 0.07445002522000001,
      "times": [
        0.07283738422,
        0.07294110122,
        0.07266633922,
        0.07364095322,
        0.07295425222,
        0.07301645322,
        0.07289560322000001,
        0.07299690022000001,
        0.07263814422,
        0.07272060422,
        0.07285694822000001,
        0.07274406522,
        0.07303084022,
        0.07283397822,
        0.07285729622,
        0.07275574222,
        0.07365122622,
        0.07445002522000001,
        0.07360440122,
        0.07362041222
      ],
      "exit_codes": [
        0,
        0,
        0,
        0,
        0,
        0,
        0,
        0,
        0,
        0,
        0,
        0,
        0,
        0,
        0,
        0,
        0,
        0,
        0,
        0
      ],
      "parameters": {
        "TEST": "tests/d1000.txt"
      }
    },
    {
      "command": "1200v, 719400e",
      "mean": 0.10603712927000002,
      "stddev": 0.0003436019253716469,
      "median": 0.10604994672000001,
      "user": 0.10385377,
      "system": 0.002392272,
      "min": 0.10546352222000001,
      "max": 0.10671759622,
      "times": [
        0.10575191122000001,
        0.10601521922,
        0.10566341122,
        0.10671134122,
        0.10558808622,
        0.10624782722000001,
        0.10624949622,
        0.10611582222,
        0.10567971422,
        0.10645714822,
        0.10671759622,
        0.10615059422,
        0.10608467422000001,
        0.10575996822,
        0.10546352222000001,
        0.10618248022,
        0.10594566022,
        0.10586417422000001,
        0.10615191222,
        0.10594202622
      ],
      "exit_codes": [
        0,
        0,
        0,
        0,
        0,
        0,
        0,
        0,
        0,
        0,
        0,
        0,
        0,
        0,
        0,
        0,
        0,
        0,
        0,
        0
      ],
      "parameters": {
        "TEST": "tests/d1200.txt"
      }
    },
    {
      "command": "1400v, 979300e",
      "mean": 0.14594835906999998,
      "stddev": 0.0012971371648783574,
      "median": 0.14563283772000002,
      "user": 0.14099721999999998,
      "system": 0.005096409999999999,
      "min": 0.14480517022000003,
      "max": 0.14958699922000002,
      "times": [
        0.14515283822000002,
        0.14515989222000003,
        0.14958699922000002,
        0.14907198922000003,
        0.14550548522,
        0.14491687622000002,
        0.14496739522000002,
        0.14511251422000002,
        0.14613603222000002,
        0.14687224622000003,
        0.14503044022000003,
        0.14504075022000001,
        0.14480517022000003,
        0.14538703322000002,
        0.14598510422000002,
        0.14664606822,
        0.14576515522000003,
        0.14618749422000002,
        0.14587750722,
        0.14576019022000003
      ],
      "exit_codes": [
        0,
        0,
        0,
        0,
        0,
        0,
        0,
        0,
        0,
        0,
        0,
        0,
        0,
        0,
        0,
        0,
        0,
        0,
        0,
        0
      ],
      "parameters": {
        "TEST": "tests/d1400.txt"
      }
    },
    {
      "command": "1600v, 1279200e",